Metric,PurchaseMean,PurchaseMedian,PurchaseP25,PurchaseP75,NonPurchaseMean,NonPurchaseMedian,NonPurchaseP25,NonPurchaseP75,MedianDifference
ProductRelated,48.21016771,29.00000000,15.00000000,57.00000000,28.71464210,16.00000000,6.00000000,35.00000000,13.00000000
ProductRelated_Duration,1876.20961489,1109.90625000,541.90625002,2266.01130975,1069.98780915,510.19000000,151.00000000,1331.81666675,599.71625000
Administrative,3.39360587,2.00000000,0.00000000,5.00000000,2.11773172,0.00000000,0.00000000,3.00000000,2.00000000
Administrative_Duration,119.48324389,52.36666666,0.00000000,151.08333333,73.74011117,0.00000000,0.00000000,83.00000000,52.36666666
Informational,0.78616352,0.00000000,0.00000000,1.00000000,0.45183266,0.00000000,0.00000000,0.00000000,0.00000000
Informational_Duration,57.61142665,0.00000000,0.00000000,19.00000000,30.23623723,0.00000000,0.00000000,0.00000000,0.00000000
BounceRates,0.00511715,0.00000000,0.00000000,0.00645161,0.02531723,0.00425532,0.00000000,0.02000000,-0.00425532
ExitRates,0.01955517,0.01600000,0.00952148,0.02500000,0.04737827,0.02857143,0.01556004,0.05384615,-0.01257143
PageValues,27.26451819,16.75813356,3.64114439,38.89774244,1.97599777,0.00000000,0.00000000,0.00000000,16.75813356
