Region,Sessions,Purchases,AvgProductPages,MedianProductPages,AvgProductDuration,MedianProductDuration,AvgBounceRate,AvgExitRate,ConversionRate,SessionShare,SampleAtLeast100
1,4780,771,33.80062762,18.00000000,1276.10735402,592.66875000,0.02208980,0.04312725,0.16129707,0.38767234,True
2,1136,188,30.42781690,18.00000000,1182.44506810,638.91666665,0.02288628,0.04304869,0.16549296,0.09213301,True
3,2403,349,32.08572618,19.00000000,1188.40842392,610.30952380,0.02247451,0.04388937,0.14523512,0.19489051,True
4,1182,175,30.20812183,17.00000000,1113.59459524,606.40972220,0.02317617,0.04409114,0.14805415,0.09586375,True
5,318,52,29.62893082,17.50000000,1147.76295415,585.08333335,0.02070266,0.04074468,0.16352201,0.02579075,True
6,805,112,27.83850932,17.00000000,1035.23699969,591.00000000,0.02372145,0.04406177,0.13913043,0.06528792,True
7,761,119,31.45992116,20.00000000,1142.48854618,624.76000000,0.02038726,0.03980374,0.15637319,0.06171938,True
8,434,56,26.72811060,16.00000000,1095.78416238,629.04285715,0.01922317,0.04003724,0.12903226,0.03519870,True
9,511,86,29.22700587,14.00000000,1120.93419583,493.00000000,0.02171119,0.04375891,0.16829746,0.04144363,True
