Scenario,ScenarioName,Model,ModelName,Feature,ImportanceValue,AbsoluteImportance,Direction,ImportanceType
early_propensity,早期购买倾向模型,logistic_regression,逻辑回归,ExitRates,-1.042618485,1.042618485,negative,standardized_coefficient
early_propensity,早期购买倾向模型,logistic_regression,逻辑回归,ProductRelated_Duration,0.4931704382,0.4931704382,positive,standardized_coefficient
early_propensity,早期购买倾向模型,logistic_regression,逻辑回归,Month_Nov,0.4501332961,0.4501332961,positive,standardized_coefficient
early_propensity,早期购买倾向模型,logistic_regression,逻辑回归,TrafficType_13,-0.4262315494,0.4262315494,negative,standardized_coefficient
early_propensity,早期购买倾向模型,logistic_regression,逻辑回归,Month_Mar,-0.425153597,0.425153597,negative,standardized_coefficient
early_propensity,早期购买倾向模型,logistic_regression,逻辑回归,TrafficType_3,-0.3754411647,0.3754411647,negative,standardized_coefficient
early_propensity,早期购买倾向模型,logistic_regression,逻辑回归,Month_Feb,-0.3712501741,0.3712501741,negative,standardized_coefficient
early_propensity,早期购买倾向模型,logistic_regression,逻辑回归,TrafficType_20,0.3097296366,0.3097296366,positive,standardized_coefficient
early_propensity,早期购买倾向模型,logistic_regression,逻辑回归,TrafficType_8,0.3046179752,0.3046179752,positive,standardized_coefficient
early_propensity,早期购买倾向模型,logistic_regression,逻辑回归,TrafficType_1,-0.2879873451,0.2879873451,negative,standardized_coefficient
early_propensity,早期购买倾向模型,logistic_regression,逻辑回归,Month_Sep,0.2801687399,0.2801687399,positive,standardized_coefficient
early_propensity,早期购买倾向模型,logistic_regression,逻辑回归,VisitorType_Returning_Visitor,-0.2636544828,0.2636544828,negative,standardized_coefficient
early_propensity,早期购买倾向模型,logistic_regression,逻辑回归,Month_Oct,0.2587184287,0.2587184287,positive,standardized_coefficient
early_propensity,早期购买倾向模型,logistic_regression,逻辑回归,Month_Dec,-0.244412833,0.244412833,negative,standardized_coefficient
early_propensity,早期购买倾向模型,logistic_regression,逻辑回归,OperatingSystems_3,-0.2412822821,0.2412822821,negative,standardized_coefficient
early_propensity,早期购买倾向模型,logistic_regression,逻辑回归,Browser_3,-0.2221277124,0.2221277124,negative,standardized_coefficient
early_propensity,早期购买倾向模型,logistic_regression,逻辑回归,Administrative_Duration,0.1834718408,0.1834718408,positive,standardized_coefficient
early_propensity,早期购买倾向模型,logistic_regression,逻辑回归,SpecialDay,-0.1695249716,0.1695249716,negative,standardized_coefficient
early_propensity,早期购买倾向模型,logistic_regression,逻辑回归,Browser_7,-0.1591828425,0.1591828425,negative,standardized_coefficient
early_propensity,早期购买倾向模型,logistic_regression,逻辑回归,Browser_6,-0.1534327225,0.1534327225,negative,standardized_coefficient
early_propensity,早期购买倾向模型,logistic_regression,逻辑回归,Browser_10,0.1523563453,0.1523563453,positive,standardized_coefficient
early_propensity,早期购买倾向模型,logistic_regression,逻辑回归,Month_May,-0.1521441362,0.1521441362,negative,standardized_coefficient
early_propensity,早期购买倾向模型,logistic_regression,逻辑回归,OperatingSystems_1,-0.1456317732,0.1456317732,negative,standardized_coefficient
early_propensity,早期购买倾向模型,logistic_regression,逻辑回归,TrafficType_15,-0.1422010027,0.1422010027,negative,standardized_coefficient
early_propensity,早期购买倾向模型,logistic_regression,逻辑回归,Weekend_False,-0.1411144721,0.1411144721,negative,standardized_coefficient
early_propensity,早期购买倾向模型,logistic_regression,逻辑回归,OperatingSystems_2,0.1395096514,0.1395096514,positive,standardized_coefficient
early_propensity,早期购买倾向模型,logistic_regression,逻辑回归,Month_Aug,0.1336016854,0.1336016854,positive,standardized_coefficient
early_propensity,早期购买倾向模型,logistic_regression,逻辑回归,Browser_12,0.1317541792,0.1317541792,positive,standardized_coefficient
early_propensity,早期购买倾向模型,logistic_regression,逻辑回归,TrafficType_5,0.1297006998,0.1297006998,positive,standardized_coefficient
early_propensity,早期购买倾向模型,logistic_regression,逻辑回归,Browser_13,0.1294607996,0.1294607996,positive,standardized_coefficient
early_propensity,早期购买倾向模型,logistic_regression,逻辑回归,TrafficType_10,0.1222952989,0.1222952989,positive,standardized_coefficient
early_propensity,早期购买倾向模型,logistic_regression,逻辑回归,Browser_2,-0.1134100442,0.1134100442,negative,standardized_coefficient
early_propensity,早期购买倾向模型,logistic_regression,逻辑回归,TrafficType_7,0.112528564,0.112528564,positive,standardized_coefficient
early_propensity,早期购买倾向模型,logistic_regression,逻辑回归,TrafficType_2,0.1062351576,0.1062351576,positive,standardized_coefficient
early_propensity,早期购买倾向模型,logistic_regression,逻辑回归,TrafficType_6,-0.1041305973,0.1041305973,negative,standardized_coefficient
early_propensity,早期购买倾向模型,logistic_regression,逻辑回归,Region_2,0.1026357117,0.1026357117,positive,standardized_coefficient
early_propensity,早期购买倾向模型,logistic_regression,逻辑回归,Month_June,-0.1020941275,0.1020941275,negative,standardized_coefficient
early_propensity,早期购买倾向模型,logistic_regression,逻辑回归,TrafficType_11,0.09912316054,0.09912316054,positive,standardized_coefficient
early_propensity,早期购买倾向模型,logistic_regression,逻辑回归,Region_9,-0.09497902208,0.09497902208,negative,standardized_coefficient
early_propensity,早期购买倾向模型,logistic_regression,逻辑回归,Browser_8,-0.09308140608,0.09308140608,negative,standardized_coefficient
early_propensity,早期购买倾向模型,logistic_regression,逻辑回归,VisitorType_New_Visitor,0.08566771404,0.08566771404,positive,standardized_coefficient
early_propensity,早期购买倾向模型,logistic_regression,逻辑回归,Browser_1,0.07617795795,0.07617795795,positive,standardized_coefficient
early_propensity,早期购买倾向模型,logistic_regression,逻辑回归,ProductRelated,-0.07419959941,0.07419959941,negative,standardized_coefficient
early_propensity,早期购买倾向模型,logistic_regression,逻辑回归,Browser_5,0.07141062321,0.07141062321,positive,standardized_coefficient
early_propensity,早期购买倾向模型,logistic_regression,逻辑回归,TrafficType_4,0.06493307178,0.06493307178,positive,standardized_coefficient
early_propensity,早期购买倾向模型,logistic_regression,逻辑回归,Region_3,-0.05747199847,0.05747199847,negative,standardized_coefficient
early_propensity,早期购买倾向模型,logistic_regression,逻辑回归,TrafficType_18,-0.04873099285,0.04873099285,negative,standardized_coefficient
early_propensity,早期购买倾向模型,logistic_regression,逻辑回归,OperatingSystems_4,0.04238782374,0.04238782374,positive,standardized_coefficient
early_propensity,早期购买倾向模型,logistic_regression,逻辑回归,Informational,0.04222376134,0.04222376134,positive,standardized_coefficient
early_propensity,早期购买倾向模型,logistic_regression,逻辑回归,OperatingSystems_8,0.03595475454,0.03595475454,positive,standardized_coefficient
early_propensity,早期购买倾向模型,logistic_regression,逻辑回归,Region_8,-0.03547314086,0.03547314086,negative,standardized_coefficient
early_propensity,早期购买倾向模型,logistic_regression,逻辑回归,Region_7,-0.03316982851,0.03316982851,negative,standardized_coefficient
early_propensity,早期购买倾向模型,logistic_regression,逻辑回归,BounceRates,-0.0330889425,0.0330889425,negative,standardized_coefficient
early_propensity,早期购买倾向模型,logistic_regression,逻辑回归,Administrative,-0.03255973025,0.03255973025,negative,standardized_coefficient
early_propensity,早期购买倾向模型,logistic_regression,逻辑回归,Region_1,0.02681716735,0.02681716735,positive,standardized_coefficient
early_propensity,早期购买倾向模型,logistic_regression,逻辑回归,Region_4,-0.02601756325,0.02601756325,negative,standardized_coefficient
early_propensity,早期购买倾向模型,logistic_regression,逻辑回归,VisitorType_Other,0.02559992363,0.02559992363,positive,standardized_coefficient
early_propensity,早期购买倾向模型,logistic_regression,逻辑回归,TrafficType_16,0.02552949226,0.02552949226,positive,standardized_coefficient
early_propensity,早期购买倾向模型,logistic_regression,逻辑回归,Region_5,-0.02449960391,0.02449960391,negative,standardized_coefficient
early_propensity,早期购买倾向模型,logistic_regression,逻辑回归,TrafficType_19,-0.02226771423,0.02226771423,negative,standardized_coefficient
early_propensity,早期购买倾向模型,logistic_regression,逻辑回归,Browser_4,0.02177884805,0.02177884805,positive,standardized_coefficient
early_propensity,早期购买倾向模型,logistic_regression,逻辑回归,Month_Jul,0.02004587255,0.02004587255,positive,standardized_coefficient
early_propensity,早期购买倾向模型,logistic_regression,逻辑回归,Informational_Duration,0.01772440067,0.01772440067,positive,standardized_coefficient
early_propensity,早期购买倾向模型,logistic_regression,逻辑回归,TrafficType_14,-0.01637232445,0.01637232445,negative,standardized_coefficient
early_propensity,早期购买倾向模型,logistic_regression,逻辑回归,OperatingSystems_5,0.01154564476,0.01154564476,positive,standardized_coefficient
early_propensity,早期购买倾向模型,logistic_regression,逻辑回归,Browser_11,0.01154564476,0.01154564476,positive,standardized_coefficient
early_propensity,早期购买倾向模型,logistic_regression,逻辑回归,Weekend_True,-0.01127237299,0.01127237299,negative,standardized_coefficient
early_propensity,早期购买倾向模型,logistic_regression,逻辑回归,Region_6,-0.01022856704,0.01022856704,negative,standardized_coefficient
early_propensity,早期购买倾向模型,logistic_regression,逻辑回归,OperatingSystems_7,0.009506574768,0.009506574768,positive,standardized_coefficient
early_propensity,早期购买倾向模型,logistic_regression,逻辑回归,Browser_9,-0.005636515508,0.005636515508,negative,standardized_coefficient
early_propensity,早期购买倾向模型,logistic_regression,逻辑回归,OperatingSystems_6,-0.004377239024,0.004377239024,negative,standardized_coefficient
early_propensity,早期购买倾向模型,logistic_regression,逻辑回归,TrafficType_12,-0.001842943205,0.001842943205,negative,standardized_coefficient
early_propensity,早期购买倾向模型,logistic_regression,逻辑回归,TrafficType_17,-0.001176621417,0.001176621417,negative,standardized_coefficient
early_propensity,早期购买倾向模型,logistic_regression,逻辑回归,TrafficType_9,-0.000697646528,0.000697646528,negative,standardized_coefficient
early_propensity,早期购买倾向模型,decision_tree,决策树,ExitRates,0.4943237683,0.4943237683,non_directional,impurity_importance
early_propensity,早期购买倾向模型,decision_tree,决策树,ProductRelated_Duration,0.1687434141,0.1687434141,non_directional,impurity_importance
early_propensity,早期购买倾向模型,decision_tree,决策树,BounceRates,0.0624639254,0.0624639254,non_directional,impurity_importance
early_propensity,早期购买倾向模型,decision_tree,决策树,Month_Nov,0.05312470934,0.05312470934,non_directional,impurity_importance
early_propensity,早期购买倾向模型,decision_tree,决策树,Administrative,0.05069908816,0.05069908816,non_directional,impurity_importance
early_propensity,早期购买倾向模型,decision_tree,决策树,Administrative_Duration,0.03091771962,0.03091771962,non_directional,impurity_importance
early_propensity,早期购买倾向模型,decision_tree,决策树,ProductRelated,0.02822065934,0.02822065934,non_directional,impurity_importance
early_propensity,早期购买倾向模型,decision_tree,决策树,Month_Mar,0.01790856508,0.01790856508,non_directional,impurity_importance
early_propensity,早期购买倾向模型,decision_tree,决策树,Month_May,0.01440985111,0.01440985111,non_directional,impurity_importance
early_propensity,早期购买倾向模型,decision_tree,决策树,TrafficType_2,0.00945672315,0.00945672315,non_directional,impurity_importance
early_propensity,早期购买倾向模型,decision_tree,决策树,TrafficType_3,0.00895820198,0.00895820198,non_directional,impurity_importance
early_propensity,早期购买倾向模型,decision_tree,决策树,OperatingSystems_3,0.008011520517,0.008011520517,non_directional,impurity_importance
early_propensity,早期购买倾向模型,decision_tree,决策树,Informational_Duration,0.007146700706,0.007146700706,non_directional,impurity_importance
early_propensity,早期购买倾向模型,decision_tree,决策树,Month_Dec,0.006903281686,0.006903281686,non_directional,impurity_importance
early_propensity,早期购买倾向模型,decision_tree,决策树,OperatingSystems_1,0.006101638611,0.006101638611,non_directional,impurity_importance
early_propensity,早期购买倾向模型,decision_tree,决策树,OperatingSystems_2,0.006086591551,0.006086591551,non_directional,impurity_importance
early_propensity,早期购买倾向模型,decision_tree,决策树,VisitorType_Returning_Visitor,0.005039043541,0.005039043541,non_directional,impurity_importance
early_propensity,早期购买倾向模型,decision_tree,决策树,TrafficType_1,0.004899227933,0.004899227933,non_directional,impurity_importance
early_propensity,早期购买倾向模型,decision_tree,决策树,Weekend_True,0.004519090262,0.004519090262,non_directional,impurity_importance
early_propensity,早期购买倾向模型,decision_tree,决策树,Browser_2,0.004118611582,0.004118611582,non_directional,impurity_importance
early_propensity,早期购买倾向模型,decision_tree,决策树,Weekend_False,0.003429389112,0.003429389112,non_directional,impurity_importance
early_propensity,早期购买倾向模型,decision_tree,决策树,Region_1,0.003274493886,0.003274493886,non_directional,impurity_importance
early_propensity,早期购买倾向模型,decision_tree,决策树,VisitorType_New_Visitor,0.001243785056,0.001243785056,non_directional,impurity_importance
early_propensity,早期购买倾向模型,decision_tree,决策树,Month_Aug,0,0,non_directional,impurity_importance
early_propensity,早期购买倾向模型,decision_tree,决策树,Informational,0,0,non_directional,impurity_importance
early_propensity,早期购买倾向模型,decision_tree,决策树,SpecialDay,0,0,non_directional,impurity_importance
early_propensity,早期购买倾向模型,decision_tree,决策树,OperatingSystems_7,0,0,non_directional,impurity_importance
early_propensity,早期购买倾向模型,decision_tree,决策树,OperatingSystems_6,0,0,non_directional,impurity_importance
early_propensity,早期购买倾向模型,decision_tree,决策树,Browser_1,0,0,non_directional,impurity_importance
early_propensity,早期购买倾向模型,decision_tree,决策树,OperatingSystems_8,0,0,non_directional,impurity_importance
early_propensity,早期购买倾向模型,decision_tree,决策树,Browser_4,0,0,non_directional,impurity_importance
early_propensity,早期购买倾向模型,decision_tree,决策树,Browser_5,0,0,non_directional,impurity_importance
early_propensity,早期购买倾向模型,decision_tree,决策树,Browser_6,0,0,non_directional,impurity_importance
early_propensity,早期购买倾向模型,decision_tree,决策树,Browser_3,0,0,non_directional,impurity_importance
early_propensity,早期购买倾向模型,decision_tree,决策树,Browser_7,0,0,non_directional,impurity_importance
early_propensity,早期购买倾向模型,decision_tree,决策树,Month_Feb,0,0,non_directional,impurity_importance
early_propensity,早期购买倾向模型,decision_tree,决策树,Month_Oct,0,0,non_directional,impurity_importance
early_propensity,早期购买倾向模型,decision_tree,决策树,Month_Sep,0,0,non_directional,impurity_importance
early_propensity,早期购买倾向模型,decision_tree,决策树,OperatingSystems_4,0,0,non_directional,impurity_importance
early_propensity,早期购买倾向模型,decision_tree,决策树,OperatingSystems_5,0,0,non_directional,impurity_importance
early_propensity,早期购买倾向模型,decision_tree,决策树,Month_Jul,0,0,non_directional,impurity_importance
early_propensity,早期购买倾向模型,decision_tree,决策树,Month_June,0,0,non_directional,impurity_importance
early_propensity,早期购买倾向模型,decision_tree,决策树,Region_2,0,0,non_directional,impurity_importance
early_propensity,早期购买倾向模型,decision_tree,决策树,Browser_13,0,0,non_directional,impurity_importance
early_propensity,早期购买倾向模型,decision_tree,决策树,Browser_12,0,0,non_directional,impurity_importance
early_propensity,早期购买倾向模型,decision_tree,决策树,Browser_11,0,0,non_directional,impurity_importance
early_propensity,早期购买倾向模型,decision_tree,决策树,Browser_9,0,0,non_directional,impurity_importance
early_propensity,早期购买倾向模型,decision_tree,决策树,Browser_10,0,0,non_directional,impurity_importance
early_propensity,早期购买倾向模型,decision_tree,决策树,Browser_8,0,0,non_directional,impurity_importance
early_propensity,早期购买倾向模型,decision_tree,决策树,Region_3,0,0,non_directional,impurity_importance
early_propensity,早期购买倾向模型,decision_tree,决策树,Region_9,0,0,non_directional,impurity_importance
early_propensity,早期购买倾向模型,decision_tree,决策树,Region_8,0,0,non_directional,impurity_importance
early_propensity,早期购买倾向模型,decision_tree,决策树,TrafficType_4,0,0,non_directional,impurity_importance
early_propensity,早期购买倾向模型,decision_tree,决策树,TrafficType_5,0,0,non_directional,impurity_importance
early_propensity,早期购买倾向模型,decision_tree,决策树,Region_6,0,0,non_directional,impurity_importance
early_propensity,早期购买倾向模型,decision_tree,决策树,Region_7,0,0,non_directional,impurity_importance
early_propensity,早期购买倾向模型,decision_tree,决策树,Region_5,0,0,non_directional,impurity_importance
early_propensity,早期购买倾向模型,decision_tree,决策树,Region_4,0,0,non_directional,impurity_importance
early_propensity,早期购买倾向模型,decision_tree,决策树,TrafficType_9,0,0,non_directional,impurity_importance
early_propensity,早期购买倾向模型,decision_tree,决策树,TrafficType_8,0,0,non_directional,impurity_importance
early_propensity,早期购买倾向模型,decision_tree,决策树,TrafficType_7,0,0,non_directional,impurity_importance
early_propensity,早期购买倾向模型,decision_tree,决策树,TrafficType_6,0,0,non_directional,impurity_importance
early_propensity,早期购买倾向模型,decision_tree,决策树,TrafficType_10,0,0,non_directional,impurity_importance
early_propensity,早期购买倾向模型,decision_tree,决策树,TrafficType_11,0,0,non_directional,impurity_importance
early_propensity,早期购买倾向模型,decision_tree,决策树,TrafficType_12,0,0,non_directional,impurity_importance
early_propensity,早期购买倾向模型,decision_tree,决策树,TrafficType_13,0,0,non_directional,impurity_importance
early_propensity,早期购买倾向模型,decision_tree,决策树,TrafficType_17,0,0,non_directional,impurity_importance
early_propensity,早期购买倾向模型,decision_tree,决策树,TrafficType_16,0,0,non_directional,impurity_importance
early_propensity,早期购买倾向模型,decision_tree,决策树,TrafficType_15,0,0,non_directional,impurity_importance
early_propensity,早期购买倾向模型,decision_tree,决策树,TrafficType_14,0,0,non_directional,impurity_importance
early_propensity,早期购买倾向模型,decision_tree,决策树,TrafficType_20,0,0,non_directional,impurity_importance
early_propensity,早期购买倾向模型,decision_tree,决策树,TrafficType_19,0,0,non_directional,impurity_importance
early_propensity,早期购买倾向模型,decision_tree,决策树,TrafficType_18,0,0,non_directional,impurity_importance
early_propensity,早期购买倾向模型,decision_tree,决策树,VisitorType_Other,0,0,non_directional,impurity_importance
early_propensity,早期购买倾向模型,random_forest,随机森林,ExitRates,0.1810296108,0.1810296108,non_directional,impurity_importance
early_propensity,早期购买倾向模型,random_forest,随机森林,ProductRelated_Duration,0.1358698838,0.1358698838,non_directional,impurity_importance
early_propensity,早期购买倾向模型,random_forest,随机森林,ProductRelated,0.1016965276,0.1016965276,non_directional,impurity_importance
early_propensity,早期购买倾向模型,random_forest,随机森林,BounceRates,0.08922975459,0.08922975459,non_directional,impurity_importance
early_propensity,早期购买倾向模型,random_forest,随机森林,Administrative_Duration,0.07337665004,0.07337665004,non_directional,impurity_importance
early_propensity,早期购买倾向模型,random_forest,随机森林,Administrative,0.05889844542,0.05889844542,non_directional,impurity_importance
early_propensity,早期购买倾向模型,random_forest,随机森林,Month_Nov,0.03268222268,0.03268222268,non_directional,impurity_importance
early_propensity,早期购买倾向模型,random_forest,随机森林,Informational_Duration,0.02659409791,0.02659409791,non_directional,impurity_importance
early_propensity,早期购买倾向模型,random_forest,随机森林,TrafficType_2,0.0183761996,0.0183761996,non_directional,impurity_importance
early_propensity,早期购买倾向模型,random_forest,随机森林,Informational,0.01828015178,0.01828015178,non_directional,impurity_importance
early_propensity,早期购买倾向模型,random_forest,随机森林,VisitorType_Returning_Visitor,0.0158389054,0.0158389054,non_directional,impurity_importance
early_propensity,早期购买倾向模型,random_forest,随机森林,VisitorType_New_Visitor,0.01401939261,0.01401939261,non_directional,impurity_importance
early_propensity,早期购买倾向模型,random_forest,随机森林,SpecialDay,0.01343090203,0.01343090203,non_directional,impurity_importance
early_propensity,早期购买倾向模型,random_forest,随机森林,Month_May,0.01282265214,0.01282265214,non_directional,impurity_importance
early_propensity,早期购买倾向模型,random_forest,随机森林,TrafficType_3,0.01256194549,0.01256194549,non_directional,impurity_importance
early_propensity,早期购买倾向模型,random_forest,随机森林,Month_Mar,0.01211761612,0.01211761612,non_directional,impurity_importance
early_propensity,早期购买倾向模型,random_forest,随机森林,Region_1,0.01211646666,0.01211646666,non_directional,impurity_importance
early_propensity,早期购买倾向模型,random_forest,随机森林,OperatingSystems_2,0.0112646405,0.0112646405,non_directional,impurity_importance
early_propensity,早期购买倾向模型,random_forest,随机森林,OperatingSystems_3,0.01115218039,0.01115218039,non_directional,impurity_importance
early_propensity,早期购买倾向模型,random_forest,随机森林,TrafficType_1,0.01025883089,0.01025883089,non_directional,impurity_importance
early_propensity,早期购买倾向模型,random_forest,随机森林,Browser_2,0.009648856741,0.009648856741,non_directional,impurity_importance
early_propensity,早期购买倾向模型,random_forest,随机森林,Weekend_True,0.009090514319,0.009090514319,non_directional,impurity_importance
early_propensity,早期购买倾向模型,random_forest,随机森林,Weekend_False,0.008760985376,0.008760985376,non_directional,impurity_importance
early_propensity,早期购买倾向模型,random_forest,随机森林,Month_Dec,0.008543744313,0.008543744313,non_directional,impurity_importance
early_propensity,早期购买倾向模型,random_forest,随机森林,Month_Oct,0.008442216026,0.008442216026,non_directional,impurity_importance
early_propensity,早期购买倾向模型,random_forest,随机森林,Region_3,0.008418245369,0.008418245369,non_directional,impurity_importance
early_propensity,早期购买倾向模型,random_forest,随机森林,OperatingSystems_1,0.006839505156,0.006839505156,non_directional,impurity_importance
early_propensity,早期购买倾向模型,random_forest,随机森林,Month_Sep,0.006269892224,0.006269892224,non_directional,impurity_importance
early_propensity,早期购买倾向模型,random_forest,随机森林,Browser_1,0.005915419473,0.005915419473,non_directional,impurity_importance
early_propensity,早期购买倾向模型,random_forest,随机森林,Region_2,0.005308008737,0.005308008737,non_directional,impurity_importance
early_propensity,早期购买倾向模型,random_forest,随机森林,Region_4,0.005235118307,0.005235118307,non_directional,impurity_importance
early_propensity,早期购买倾向模型,random_forest,随机森林,TrafficType_4,0.00499172732,0.00499172732,non_directional,impurity_importance
early_propensity,早期购买倾向模型,random_forest,随机森林,TrafficType_13,0.004987502318,0.004987502318,non_directional,impurity_importance
early_propensity,早期购买倾向模型,random_forest,随机森林,Month_Aug,0.004034808147,0.004034808147,non_directional,impurity_importance
early_propensity,早期购买倾向模型,random_forest,随机森林,Region_7,0.00364565376,0.00364565376,non_directional,impurity_importance
early_propensity,早期购买倾向模型,random_forest,随机森林,Browser_4,0.003411337254,0.003411337254,non_directional,impurity_importance
early_propensity,早期购买倾向模型,random_forest,随机森林,Region_6,0.0034050111,0.0034050111,non_directional,impurity_importance
early_propensity,早期购买倾向模型,random_forest,随机森林,TrafficType_8,0.003068693634,0.003068693634,non_directional,impurity_importance
early_propensity,早期购买倾向模型,random_forest,随机森林,Region_9,0.002595499695,0.002595499695,non_directional,impurity_importance
early_propensity,早期购买倾向模型,random_forest,随机森林,Month_Jul,0.002576471791,0.002576471791,non_directional,impurity_importance
early_propensity,早期购买倾向模型,random_forest,随机森林,TrafficType_10,0.002310960286,0.002310960286,non_directional,impurity_importance
early_propensity,早期购买倾向模型,random_forest,随机森林,OperatingSystems_4,0.001997668329,0.001997668329,non_directional,impurity_importance
early_propensity,早期购买倾向模型,random_forest,随机森林,Browser_5,0.001972137182,0.001972137182,non_directional,impurity_importance
early_propensity,早期购买倾向模型,random_forest,随机森林,TrafficType_20,0.001905158913,0.001905158913,non_directional,impurity_importance
early_propensity,早期购买倾向模型,random_forest,随机森林,TrafficType_5,0.001831338302,0.001831338302,non_directional,impurity_importance
early_propensity,早期购买倾向模型,random_forest,随机森林,Region_8,0.001753395158,0.001753395158,non_directional,impurity_importance
early_propensity,早期购买倾向模型,random_forest,随机森林,Month_Feb,0.001632834499,0.001632834499,non_directional,impurity_importance
early_propensity,早期购买倾向模型,random_forest,随机森林,Region_5,0.001628040249,0.001628040249,non_directional,impurity_importance
early_propensity,早期购买倾向模型,random_forest,随机森林,TrafficType_6,0.001627462722,0.001627462722,non_directional,impurity_importance
early_propensity,早期购买倾向模型,random_forest,随机森林,Month_June,0.001451020968,0.001451020968,non_directional,impurity_importance
early_propensity,早期购买倾向模型,random_forest,随机森林,TrafficType_11,0.001344393647,0.001344393647,non_directional,impurity_importance
early_propensity,早期购买倾向模型,random_forest,随机森林,Browser_10,0.001135119933,0.001135119933,non_directional,impurity_importance
early_propensity,早期购买倾向模型,random_forest,随机森林,Browser_6,0.0005891674771,0.0005891674771,non_directional,impurity_importance
early_propensity,早期购买倾向模型,random_forest,随机森林,Browser_8,0.0004048189861,0.0004048189861,non_directional,impurity_importance
early_propensity,早期购买倾向模型,random_forest,随机森林,Browser_13,0.0003852141227,0.0003852141227,non_directional,impurity_importance
early_propensity,早期购买倾向模型,random_forest,随机森林,OperatingSystems_8,0.0003505683533,0.0003505683533,non_directional,impurity_importance
early_propensity,早期购买倾向模型,random_forest,随机森林,Browser_3,0.000307885894,0.000307885894,non_directional,impurity_importance
early_propensity,早期购买倾向模型,random_forest,随机森林,VisitorType_Other,0.0002865650507,0.0002865650507,non_directional,impurity_importance
early_propensity,早期购买倾向模型,random_forest,随机森林,TrafficType_9,9.97673995e-05,9.97673995e-05,non_directional,impurity_importance
early_propensity,早期购买倾向模型,random_forest,随机森林,Browser_7,6.65182251e-05,6.65182251e-05,non_directional,impurity_importance
early_propensity,早期购买倾向模型,random_forest,随机森林,TrafficType_15,5.574744101e-05,5.574744101e-05,non_directional,impurity_importance
early_propensity,早期购买倾向模型,random_forest,随机森林,TrafficType_7,5.055262803e-05,5.055262803e-05,non_directional,impurity_importance
early_propensity,早期购买倾向模型,random_forest,随机森林,TrafficType_19,4.951109313e-06,4.951109313e-06,non_directional,impurity_importance
early_propensity,早期购买倾向模型,random_forest,随机森林,TrafficType_14,2.42566601e-06,2.42566601e-06,non_directional,impurity_importance
early_propensity,早期购买倾向模型,random_forest,随机森林,OperatingSystems_6,0,0,non_directional,impurity_importance
early_propensity,早期购买倾向模型,random_forest,随机森林,OperatingSystems_5,0,0,non_directional,impurity_importance
early_propensity,早期购买倾向模型,random_forest,随机森林,Browser_12,0,0,non_directional,impurity_importance
early_propensity,早期购买倾向模型,random_forest,随机森林,Browser_11,0,0,non_directional,impurity_importance
early_propensity,早期购买倾向模型,random_forest,随机森林,Browser_9,0,0,non_directional,impurity_importance
early_propensity,早期购买倾向模型,random_forest,随机森林,OperatingSystems_7,0,0,non_directional,impurity_importance
early_propensity,早期购买倾向模型,random_forest,随机森林,TrafficType_17,0,0,non_directional,impurity_importance
early_propensity,早期购买倾向模型,random_forest,随机森林,TrafficType_16,0,0,non_directional,impurity_importance
early_propensity,早期购买倾向模型,random_forest,随机森林,TrafficType_12,0,0,non_directional,impurity_importance
early_propensity,早期购买倾向模型,random_forest,随机森林,TrafficType_18,0,0,non_directional,impurity_importance
late_session,会话末期模型,logistic_regression,逻辑回归,PageValues,1.513818302,1.513818302,positive,standardized_coefficient
late_session,会话末期模型,logistic_regression,逻辑回归,Month_Nov,0.8028472141,0.8028472141,positive,standardized_coefficient
late_session,会话末期模型,logistic_regression,逻辑回归,Month_May,-0.7694292483,0.7694292483,negative,standardized_coefficient
late_session,会话末期模型,logistic_regression,逻辑回归,Month_Mar,-0.5524399838,0.5524399838,negative,standardized_coefficient
late_session,会话末期模型,logistic_regression,逻辑回归,TrafficType_13,-0.3929848509,0.3929848509,negative,standardized_coefficient
late_session,会话末期模型,logistic_regression,逻辑回归,Month_Sep,0.3801567356,0.3801567356,positive,standardized_coefficient
late_session,会话末期模型,logistic_regression,逻辑回归,TrafficType_1,-0.3207694772,0.3207694772,negative,standardized_coefficient
late_session,会话末期模型,logistic_regression,逻辑回归,TrafficType_8,0.3201680896,0.3201680896,positive,standardized_coefficient
late_session,会话末期模型,logistic_regression,逻辑回归,VisitorType_Returning_Visitor,-0.3166687294,0.3166687294,negative,standardized_coefficient
late_session,会话末期模型,logistic_regression,逻辑回归,TrafficType_3,-0.315035071,0.315035071,negative,standardized_coefficient
late_session,会话末期模型,logistic_regression,逻辑回归,TrafficType_5,0.2866846019,0.2866846019,positive,standardized_coefficient
late_session,会话末期模型,logistic_regression,逻辑回归,BounceRates,-0.266796253,0.266796253,negative,standardized_coefficient
late_session,会话末期模型,logistic_regression,逻辑回归,ExitRates,-0.2574732444,0.2574732444,negative,standardized_coefficient
late_session,会话末期模型,logistic_regression,逻辑回归,Month_Dec,-0.2492687618,0.2492687618,negative,standardized_coefficient
late_session,会话末期模型,logistic_regression,逻辑回归,ProductRelated,0.2460939344,0.2460939344,positive,standardized_coefficient
late_session,会话末期模型,logistic_regression,逻辑回归,Month_Feb,-0.2362456814,0.2362456814,negative,standardized_coefficient
late_session,会话末期模型,logistic_regression,逻辑回归,Weekend_False,-0.1993692871,0.1993692871,negative,standardized_coefficient
late_session,会话末期模型,logistic_regression,逻辑回归,Browser_6,-0.184727625,0.184727625,negative,standardized_coefficient
late_session,会话末期模型,logistic_regression,逻辑回归,Region_5,-0.1845808306,0.1845808306,negative,standardized_coefficient
late_session,会话末期模型,logistic_regression,逻辑回归,Informational,0.1684569419,0.1684569419,positive,standardized_coefficient
late_session,会话末期模型,logistic_regression,逻辑回归,Month_Jul,0.1614910582,0.1614910582,positive,standardized_coefficient
late_session,会话末期模型,logistic_regression,逻辑回归,OperatingSystems_4,-0.154195183,0.154195183,negative,standardized_coefficient
late_session,会话末期模型,logistic_regression,逻辑回归,Region_9,-0.1525705992,0.1525705992,negative,standardized_coefficient
late_session,会话末期模型,logistic_regression,逻辑回归,TrafficType_6,-0.1440546884,0.1440546884,negative,standardized_coefficient
late_session,会话末期模型,logistic_regression,逻辑回归,TrafficType_11,0.1405635174,0.1405635174,positive,standardized_coefficient
late_session,会话末期模型,logistic_regression,逻辑回归,Browser_12,0.1380501278,0.1380501278,positive,standardized_coefficient
late_session,会话末期模型,logistic_regression,逻辑回归,OperatingSystems_3,-0.1352686232,0.1352686232,negative,standardized_coefficient
late_session,会话末期模型,logistic_regression,逻辑回归,Browser_10,0.1303091896,0.1303091896,positive,standardized_coefficient
late_session,会话末期模型,logistic_regression,逻辑回归,Browser_7,-0.1291887612,0.1291887612,negative,standardized_coefficient
late_session,会话末期模型,logistic_regression,逻辑回归,Month_Aug,0.1267526034,0.1267526034,positive,standardized_coefficient
late_session,会话末期模型,logistic_regression,逻辑回归,Region_2,0.1121517045,0.1121517045,positive,standardized_coefficient
late_session,会话末期模型,logistic_regression,逻辑回归,Informational_Duration,-0.1106383287,0.1106383287,negative,standardized_coefficient
late_session,会话末期模型,logistic_regression,逻辑回归,Browser_3,-0.1043618168,0.1043618168,negative,standardized_coefficient
late_session,会话末期模型,logistic_regression,逻辑回归,Region_4,-0.09946586804,0.09946586804,negative,standardized_coefficient
late_session,会话末期模型,logistic_regression,逻辑回归,Region_8,0.09554921421,0.09554921421,positive,standardized_coefficient
late_session,会话末期模型,logistic_regression,逻辑回归,Browser_2,-0.09289839808,0.09289839808,negative,standardized_coefficient
late_session,会话末期模型,logistic_regression,逻辑回归,TrafficType_20,0.09147415102,0.09147415102,positive,standardized_coefficient
late_session,会话末期模型,logistic_regression,逻辑回归,Weekend_True,-0.08935892741,0.08935892741,negative,standardized_coefficient
late_session,会话末期模型,logistic_regression,逻辑回归,ProductRelated_Duration,-0.08411122423,0.08411122423,negative,standardized_coefficient
late_session,会话末期模型,logistic_regression,逻辑回归,TrafficType_2,0.08247519484,0.08247519484,positive,standardized_coefficient
late_session,会话末期模型,logistic_regression,逻辑回归,SpecialDay,-0.07942045868,0.07942045868,negative,standardized_coefficient
late_session,会话末期模型,logistic_regression,逻辑回归,TrafficType_10,0.07545064965,0.07545064965,positive,standardized_coefficient
late_session,会话末期模型,logistic_regression,逻辑回归,TrafficType_16,0.07282806198,0.07282806198,positive,standardized_coefficient
late_session,会话末期模型,logistic_regression,逻辑回归,Browser_8,-0.07127632856,0.07127632856,negative,standardized_coefficient
late_session,会话末期模型,logistic_regression,逻辑回归,VisitorType_New_Visitor,0.07051335579,0.07051335579,positive,standardized_coefficient
late_session,会话末期模型,logistic_regression,逻辑回归,OperatingSystems_7,0.0642378314,0.0642378314,positive,standardized_coefficient
late_session,会话末期模型,logistic_regression,逻辑回归,TrafficType_15,-0.06240799441,0.06240799441,negative,standardized_coefficient
late_session,会话末期模型,logistic_regression,逻辑回归,OperatingSystems_6,-0.05480855536,0.05480855536,negative,standardized_coefficient
late_session,会话末期模型,logistic_regression,逻辑回归,Month_Oct,0.04719993842,0.04719993842,positive,standardized_coefficient
late_session,会话末期模型,logistic_regression,逻辑回归,VisitorType_Other,-0.04257284091,0.04257284091,negative,standardized_coefficient
late_session,会话末期模型,logistic_regression,逻辑回归,OperatingSystems_1,-0.04240144035,0.04240144035,negative,standardized_coefficient
late_session,会话末期模型,logistic_regression,逻辑回归,Region_7,-0.04207187868,0.04207187868,negative,standardized_coefficient
late_session,会话末期模型,logistic_regression,逻辑回归,OperatingSystems_8,0.04020949817,0.04020949817,positive,standardized_coefficient
late_session,会话末期模型,logistic_regression,逻辑回归,TrafficType_4,-0.03395043966,0.03395043966,negative,standardized_coefficient
late_session,会话末期模型,logistic_regression,逻辑回归,TrafficType_9,-0.03312224473,0.03312224473,negative,standardized_coefficient
late_session,会话末期模型,logistic_regression,逻辑回归,Browser_4,0.0323215658,0.0323215658,positive,standardized_coefficient
late_session,会话末期模型,logistic_regression,逻辑回归,Region_1,0.03164463223,0.03164463223,positive,standardized_coefficient
late_session,会话末期模型,logistic_regression,逻辑回归,Region_3,-0.03006375483,0.03006375483,negative,standardized_coefficient
late_session,会话末期模型,logistic_regression,逻辑回归,Browser_5,0.02654150055,0.02654150055,positive,standardized_coefficient
late_session,会话末期模型,logistic_regression,逻辑回归,Region_6,-0.01932083415,0.01932083415,negative,standardized_coefficient
late_session,会话末期模型,logistic_regression,逻辑回归,TrafficType_7,-0.01727399548,0.01727399548,negative,standardized_coefficient
late_session,会话末期模型,logistic_regression,逻辑回归,TrafficType_19,-0.01577957731,0.01577957731,negative,standardized_coefficient
late_session,会话末期模型,logistic_regression,逻辑回归,Administrative_Duration,0.01320145923,0.01320145923,positive,standardized_coefficient
late_session,会话末期模型,logistic_regression,逻辑回归,Browser_1,-0.01294599763,0.01294599763,negative,standardized_coefficient
late_session,会话末期模型,logistic_regression,逻辑回归,Browser_11,-0.01273509794,0.01273509794,negative,standardized_coefficient
late_session,会话末期模型,logistic_regression,逻辑回归,OperatingSystems_5,-0.01273509794,0.01273509794,negative,standardized_coefficient
late_session,会话末期模型,logistic_regression,逻辑回归,TrafficType_18,-0.01220813482,0.01220813482,negative,standardized_coefficient
late_session,会话末期模型,logistic_regression,逻辑回归,TrafficType_14,-0.00848204847,0.00848204847,negative,standardized_coefficient
late_session,会话末期模型,logistic_regression,逻辑回归,Browser_13,-0.006429778586,0.006429778586,negative,standardized_coefficient
late_session,会话末期模型,logistic_regression,逻辑回归,OperatingSystems_2,0.006233355723,0.006233355723,positive,standardized_coefficient
late_session,会话末期模型,logistic_regression,逻辑回归,Administrative,0.003899755847,0.003899755847,positive,standardized_coefficient
late_session,会话末期模型,logistic_regression,逻辑回归,TrafficType_12,-0.001591239272,0.001591239272,negative,standardized_coefficient
late_session,会话末期模型,logistic_regression,逻辑回归,Browser_9,-0.001386794538,0.001386794538,negative,standardized_coefficient
late_session,会话末期模型,logistic_regression,逻辑回归,TrafficType_17,-0.0007127193783,0.0007127193783,negative,standardized_coefficient
late_session,会话末期模型,logistic_regression,逻辑回归,Month_June,0.0002079110769,0.0002079110769,positive,standardized_coefficient
late_session,会话末期模型,decision_tree,决策树,PageValues,0.809693228,0.809693228,non_directional,impurity_importance
late_session,会话末期模型,decision_tree,决策树,Month_Nov,0.06489124753,0.06489124753,non_directional,impurity_importance
late_session,会话末期模型,decision_tree,决策树,ProductRelated_Duration,0.03400999365,0.03400999365,non_directional,impurity_importance
late_session,会话末期模型,decision_tree,决策树,ExitRates,0.01522196324,0.01522196324,non_directional,impurity_importance
late_session,会话末期模型,decision_tree,决策树,Administrative_Duration,0.01452812815,0.01452812815,non_directional,impurity_importance
late_session,会话末期模型,decision_tree,决策树,Month_Sep,0.01349003715,0.01349003715,non_directional,impurity_importance
late_session,会话末期模型,decision_tree,决策树,Month_May,0.01091262664,0.01091262664,non_directional,impurity_importance
late_session,会话末期模型,decision_tree,决策树,Month_Mar,0.00990185785,0.00990185785,non_directional,impurity_importance
late_session,会话末期模型,decision_tree,决策树,ProductRelated,0.007184051004,0.007184051004,non_directional,impurity_importance
late_session,会话末期模型,decision_tree,决策树,BounceRates,0.004499439027,0.004499439027,non_directional,impurity_importance
late_session,会话末期模型,decision_tree,决策树,Informational_Duration,0.00334844076,0.00334844076,non_directional,impurity_importance
late_session,会话末期模型,decision_tree,决策树,Administrative,0.002830085769,0.002830085769,non_directional,impurity_importance
late_session,会话末期模型,decision_tree,决策树,OperatingSystems_1,0.002613158248,0.002613158248,non_directional,impurity_importance
late_session,会话末期模型,decision_tree,决策树,TrafficType_3,0.002283946391,0.002283946391,non_directional,impurity_importance
late_session,会话末期模型,decision_tree,决策树,TrafficType_13,0.002186929745,0.002186929745,non_directional,impurity_importance
late_session,会话末期模型,decision_tree,决策树,Informational,0.001787050403,0.001787050403,non_directional,impurity_importance
late_session,会话末期模型,decision_tree,决策树,TrafficType_2,0.0006113260258,0.0006113260258,non_directional,impurity_importance
late_session,会话末期模型,decision_tree,决策树,VisitorType_New_Visitor,6.490386636e-06,6.490386636e-06,non_directional,impurity_importance
late_session,会话末期模型,decision_tree,决策树,SpecialDay,0,0,non_directional,impurity_importance
late_session,会话末期模型,decision_tree,决策树,Month_Aug,0,0,non_directional,impurity_importance
late_session,会话末期模型,decision_tree,决策树,Month_Feb,0,0,non_directional,impurity_importance
late_session,会话末期模型,decision_tree,决策树,OperatingSystems_2,0,0,non_directional,impurity_importance
late_session,会话末期模型,decision_tree,决策树,OperatingSystems_3,0,0,non_directional,impurity_importance
late_session,会话末期模型,decision_tree,决策树,Month_Oct,0,0,non_directional,impurity_importance
late_session,会话末期模型,decision_tree,决策树,Month_Jul,0,0,non_directional,impurity_importance
late_session,会话末期模型,decision_tree,决策树,Month_June,0,0,non_directional,impurity_importance
late_session,会话末期模型,decision_tree,决策树,Month_Dec,0,0,non_directional,impurity_importance
late_session,会话末期模型,decision_tree,决策树,OperatingSystems_8,0,0,non_directional,impurity_importance
late_session,会话末期模型,decision_tree,决策树,Browser_1,0,0,non_directional,impurity_importance
late_session,会话末期模型,decision_tree,决策树,Browser_2,0,0,non_directional,impurity_importance
late_session,会话末期模型,decision_tree,决策树,Browser_3,0,0,non_directional,impurity_importance
late_session,会话末期模型,decision_tree,决策树,Browser_4,0,0,non_directional,impurity_importance
late_session,会话末期模型,decision_tree,决策树,Browser_5,0,0,non_directional,impurity_importance
late_session,会话末期模型,decision_tree,决策树,Browser_6,0,0,non_directional,impurity_importance
late_session,会话末期模型,decision_tree,决策树,Browser_7,0,0,non_directional,impurity_importance
late_session,会话末期模型,decision_tree,决策树,Browser_8,0,0,non_directional,impurity_importance
late_session,会话末期模型,decision_tree,决策树,Browser_9,0,0,non_directional,impurity_importance
late_session,会话末期模型,decision_tree,决策树,Browser_10,0,0,non_directional,impurity_importance
late_session,会话末期模型,decision_tree,决策树,Browser_11,0,0,non_directional,impurity_importance
late_session,会话末期模型,decision_tree,决策树,OperatingSystems_4,0,0,non_directional,impurity_importance
late_session,会话末期模型,decision_tree,决策树,OperatingSystems_5,0,0,non_directional,impurity_importance
late_session,会话末期模型,decision_tree,决策树,OperatingSystems_6,0,0,non_directional,impurity_importance
late_session,会话末期模型,decision_tree,决策树,OperatingSystems_7,0,0,non_directional,impurity_importance
late_session,会话末期模型,decision_tree,决策树,Region_2,0,0,non_directional,impurity_importance
late_session,会话末期模型,decision_tree,决策树,Region_1,0,0,non_directional,impurity_importance
late_session,会话末期模型,decision_tree,决策树,Browser_13,0,0,non_directional,impurity_importance
late_session,会话末期模型,decision_tree,决策树,Browser_12,0,0,non_directional,impurity_importance
late_session,会话末期模型,decision_tree,决策树,Region_7,0,0,non_directional,impurity_importance
late_session,会话末期模型,decision_tree,决策树,Region_8,0,0,non_directional,impurity_importance
late_session,会话末期模型,decision_tree,决策树,Region_3,0,0,non_directional,impurity_importance
late_session,会话末期模型,decision_tree,决策树,Region_4,0,0,non_directional,impurity_importance
late_session,会话末期模型,decision_tree,决策树,TrafficType_1,0,0,non_directional,impurity_importance
late_session,会话末期模型,decision_tree,决策树,Region_9,0,0,non_directional,impurity_importance
late_session,会话末期模型,decision_tree,决策树,TrafficType_4,0,0,non_directional,impurity_importance
late_session,会话末期模型,decision_tree,决策树,TrafficType_5,0,0,non_directional,impurity_importance
late_session,会话末期模型,decision_tree,决策树,TrafficType_6,0,0,non_directional,impurity_importance
late_session,会话末期模型,decision_tree,决策树,TrafficType_7,0,0,non_directional,impurity_importance
late_session,会话末期模型,decision_tree,决策树,Region_5,0,0,non_directional,impurity_importance
late_session,会话末期模型,decision_tree,决策树,Region_6,0,0,non_directional,impurity_importance
late_session,会话末期模型,decision_tree,决策树,TrafficType_9,0,0,non_directional,impurity_importance
late_session,会话末期模型,decision_tree,决策树,TrafficType_8,0,0,non_directional,impurity_importance
late_session,会话末期模型,decision_tree,决策树,TrafficType_11,0,0,non_directional,impurity_importance
late_session,会话末期模型,decision_tree,决策树,TrafficType_10,0,0,non_directional,impurity_importance
late_session,会话末期模型,decision_tree,决策树,TrafficType_14,0,0,non_directional,impurity_importance
late_session,会话末期模型,decision_tree,决策树,TrafficType_15,0,0,non_directional,impurity_importance
late_session,会话末期模型,decision_tree,决策树,TrafficType_16,0,0,non_directional,impurity_importance
late_session,会话末期模型,decision_tree,决策树,TrafficType_12,0,0,non_directional,impurity_importance
late_session,会话末期模型,decision_tree,决策树,TrafficType_17,0,0,non_directional,impurity_importance
late_session,会话末期模型,decision_tree,决策树,TrafficType_18,0,0,non_directional,impurity_importance
late_session,会话末期模型,decision_tree,决策树,TrafficType_19,0,0,non_directional,impurity_importance
late_session,会话末期模型,decision_tree,决策树,TrafficType_20,0,0,non_directional,impurity_importance
late_session,会话末期模型,decision_tree,决策树,VisitorType_Other,0,0,non_directional,impurity_importance
late_session,会话末期模型,decision_tree,决策树,VisitorType_Returning_Visitor,0,0,non_directional,impurity_importance
late_session,会话末期模型,decision_tree,决策树,Weekend_False,0,0,non_directional,impurity_importance
late_session,会话末期模型,decision_tree,决策树,Weekend_True,0,0,non_directional,impurity_importance
late_session,会话末期模型,random_forest,随机森林,PageValues,0.4406024551,0.4406024551,non_directional,impurity_importance
late_session,会话末期模型,random_forest,随机森林,ExitRates,0.08605737947,0.08605737947,non_directional,impurity_importance
late_session,会话末期模型,random_forest,随机森林,ProductRelated_Duration,0.07926147504,0.07926147504,non_directional,impurity_importance
late_session,会话末期模型,random_forest,随机森林,ProductRelated,0.06200452267,0.06200452267,non_directional,impurity_importance
late_session,会话末期模型,random_forest,随机森林,BounceRates,0.0482599766,0.0482599766,non_directional,impurity_importance
late_session,会话末期模型,random_forest,随机森林,Administrative_Duration,0.04008302404,0.04008302404,non_directional,impurity_importance
late_session,会话末期模型,random_forest,随机森林,Administrative,0.03481043008,0.03481043008,non_directional,impurity_importance
late_session,会话末期模型,random_forest,随机森林,Month_Nov,0.02867022432,0.02867022432,non_directional,impurity_importance
late_session,会话末期模型,random_forest,随机森林,Informational_Duration,0.01492079146,0.01492079146,non_directional,impurity_importance
late_session,会话末期模型,random_forest,随机森林,TrafficType_2,0.01193214913,0.01193214913,non_directional,impurity_importance
late_session,会话末期模型,random_forest,随机森林,Informational,0.01186631197,0.01186631197,non_directional,impurity_importance
late_session,会话末期模型,random_forest,随机森林,Month_May,0.01091755078,0.01091755078,non_directional,impurity_importance
late_session,会话末期模型,random_forest,随机森林,VisitorType_New_Visitor,0.009353521075,0.009353521075,non_directional,impurity_importance
late_session,会话末期模型,random_forest,随机森林,VisitorType_Returning_Visitor,0.008748555465,0.008748555465,non_directional,impurity_importance
late_session,会话末期模型,random_forest,随机森林,Month_Mar,0.007872714336,0.007872714336,non_directional,impurity_importance
late_session,会话末期模型,random_forest,随机森林,SpecialDay,0.005738483998,0.005738483998,non_directional,impurity_importance
late_session,会话末期模型,random_forest,随机森林,TrafficType_3,0.005718327952,0.005718327952,non_directional,impurity_importance
late_session,会话末期模型,random_forest,随机森林,Region_1,0.005681710409,0.005681710409,non_directional,impurity_importance
late_session,会话末期模型,random_forest,随机森林,OperatingSystems_2,0.00555870426,0.00555870426,non_directional,impurity_importance
late_session,会话末期模型,random_forest,随机森林,OperatingSystems_3,0.005527579321,0.005527579321,non_directional,impurity_importance
late_session,会话末期模型,random_forest,随机森林,TrafficType_1,0.004955725143,0.004955725143,non_directional,impurity_importance
late_session,会话末期模型,random_forest,随机森林,Browser_2,0.004940795223,0.004940795223,non_directional,impurity_importance
late_session,会话末期模型,random_forest,随机森林,Month_Dec,0.004878423137,0.004878423137,non_directional,impurity_importance
late_session,会话末期模型,random_forest,随机森林,Month_Sep,0.004499024965,0.004499024965,non_directional,impurity_importance
late_session,会话末期模型,random_forest,随机森林,Weekend_True,0.004260094102,0.004260094102,non_directional,impurity_importance
late_session,会话末期模型,random_forest,随机森林,Weekend_False,0.004205032165,0.004205032165,non_directional,impurity_importance
late_session,会话末期模型,random_forest,随机森林,Region_3,0.004076696111,0.004076696111,non_directional,impurity_importance
late_session,会话末期模型,random_forest,随机森林,Month_Oct,0.003846186324,0.003846186324,non_directional,impurity_importance
late_session,会话末期模型,random_forest,随机森林,OperatingSystems_1,0.003480870612,0.003480870612,non_directional,impurity_importance
late_session,会话末期模型,random_forest,随机森林,Browser_1,0.002879831286,0.002879831286,non_directional,impurity_importance
late_session,会话末期模型,random_forest,随机森林,Region_4,0.00250709816,0.00250709816,non_directional,impurity_importance
late_session,会话末期模型,random_forest,随机森林,TrafficType_13,0.002437028415,0.002437028415,non_directional,impurity_importance
late_session,会话末期模型,random_forest,随机森林,TrafficType_4,0.00234774645,0.00234774645,non_directional,impurity_importance
late_session,会话末期模型,random_forest,随机森林,TrafficType_8,0.002328622255,0.002328622255,non_directional,impurity_importance
late_session,会话末期模型,random_forest,随机森林,Region_2,0.002306022236,0.002306022236,non_directional,impurity_importance
late_session,会话末期模型,random_forest,随机森林,Month_Aug,0.00228954472,0.00228954472,non_directional,impurity_importance
late_session,会话末期模型,random_forest,随机森林,Browser_4,0.00203155317,0.00203155317,non_directional,impurity_importance
late_session,会话末期模型,random_forest,随机森林,Month_Jul,0.001937496405,0.001937496405,non_directional,impurity_importance
late_session,会话末期模型,random_forest,随机森林,TrafficType_5,0.001599021465,0.001599021465,non_directional,impurity_importance
late_session,会话末期模型,random_forest,随机森林,Region_6,0.001407872151,0.001407872151,non_directional,impurity_importance
late_session,会话末期模型,random_forest,随机森林,Region_7,0.001395132284,0.001395132284,non_directional,impurity_importance
late_session,会话末期模型,random_forest,随机森林,Region_9,0.001360302465,0.001360302465,non_directional,impurity_importance
late_session,会话末期模型,random_forest,随机森林,TrafficType_10,0.001054829029,0.001054829029,non_directional,impurity_importance
late_session,会话末期模型,random_forest,随机森林,Browser_5,0.001036073915,0.001036073915,non_directional,impurity_importance
late_session,会话末期模型,random_forest,随机森林,Month_June,0.001008753945,0.001008753945,non_directional,impurity_importance
late_session,会话末期模型,random_forest,随机森林,OperatingSystems_4,0.0009069711947,0.0009069711947,non_directional,impurity_importance
late_session,会话末期模型,random_forest,随机森林,TrafficType_11,0.0008532731543,0.0008532731543,non_directional,impurity_importance
late_session,会话末期模型,random_forest,随机森林,TrafficType_6,0.0008085094611,0.0008085094611,non_directional,impurity_importance
late_session,会话末期模型,random_forest,随机森林,Region_8,0.0008078345489,0.0008078345489,non_directional,impurity_importance
late_session,会话末期模型,random_forest,随机森林,TrafficType_20,0.0007983210011,0.0007983210011,non_directional,impurity_importance
late_session,会话末期模型,random_forest,随机森林,Region_5,0.0006485589312,0.0006485589312,non_directional,impurity_importance
late_session,会话末期模型,random_forest,随机森林,Month_Feb,0.0006045394158,0.0006045394158,non_directional,impurity_importance
late_session,会话末期模型,random_forest,随机森林,Browser_10,0.0005166661097,0.0005166661097,non_directional,impurity_importance
late_session,会话末期模型,random_forest,随机森林,Browser_6,0.0002640533088,0.0002640533088,non_directional,impurity_importance
late_session,会话末期模型,random_forest,随机森林,OperatingSystems_8,0.0002535798645,0.0002535798645,non_directional,impurity_importance
late_session,会话末期模型,random_forest,随机森林,Browser_3,0.0002068288661,0.0002068288661,non_directional,impurity_importance
late_session,会话末期模型,random_forest,随机森林,Browser_8,0.000195157918,0.000195157918,non_directional,impurity_importance
late_session,会话末期模型,random_forest,随机森林,VisitorType_Other,0.0001633337543,0.0001633337543,non_directional,impurity_importance
late_session,会话末期模型,random_forest,随机森林,Browser_13,0.0001330805933,0.0001330805933,non_directional,impurity_importance
late_session,会话末期模型,random_forest,随机森林,Browser_7,5.254124045e-05,5.254124045e-05,non_directional,impurity_importance
late_session,会话末期模型,random_forest,随机森林,TrafficType_7,4.538370951e-05,4.538370951e-05,non_directional,impurity_importance
late_session,会话末期模型,random_forest,随机森林,TrafficType_9,3.600044967e-05,3.600044967e-05,non_directional,impurity_importance
late_session,会话末期模型,random_forest,随机森林,TrafficType_15,3.425244586e-05,3.425244586e-05,non_directional,impurity_importance
late_session,会话末期模型,random_forest,随机森林,Browser_12,7.932760274e-06,7.932760274e-06,non_directional,impurity_importance
late_session,会话末期模型,random_forest,随机森林,TrafficType_18,3.988457357e-06,3.988457357e-06,non_directional,impurity_importance
late_session,会话末期模型,random_forest,随机森林,TrafficType_19,3.529222406e-06,3.529222406e-06,non_directional,impurity_importance
late_session,会话末期模型,random_forest,随机森林,OperatingSystems_5,0,0,non_directional,impurity_importance
late_session,会话末期模型,random_forest,随机森林,Browser_9,0,0,non_directional,impurity_importance
late_session,会话末期模型,random_forest,随机森林,Browser_11,0,0,non_directional,impurity_importance
late_session,会话末期模型,random_forest,随机森林,OperatingSystems_6,0,0,non_directional,impurity_importance
late_session,会话末期模型,random_forest,随机森林,OperatingSystems_7,0,0,non_directional,impurity_importance
late_session,会话末期模型,random_forest,随机森林,TrafficType_17,0,0,non_directional,impurity_importance
late_session,会话末期模型,random_forest,随机森林,TrafficType_16,0,0,non_directional,impurity_importance
late_session,会话末期模型,random_forest,随机森林,TrafficType_14,0,0,non_directional,impurity_importance
late_session,会话末期模型,random_forest,随机森林,TrafficType_12,0,0,non_directional,impurity_importance
